{"train_mean_loss": 0.5185030698776245, "_timestamp": 1714485996.9802043, "_runtime": 51810.404487371445, "_step": 74, "eval_psnr": 23.141916275024414}